,Participant,Narrative,Event,Nativeness,Exposure,Right_Hand_Movement_Amplitude,Left_Hand_Movement_Amplitude,Right_S_to_W_Distance,Left_S_to_W_Distance,Left_S_to_W_Distance_Change,Right_S_to_W_Distance_Change,Left_Speed,Right_Speed,Event_Duration
0,2,2,5,Native,0-3,1.6225201201393833,1.6691978886428358,30.81238443209074,29.27532821318785,0.5746590394277715,0.6232370555204562,0.00715534074349638,0.006955247428581033,2.16
1,2,2,6,Native,0-3,1.2669797596756405,1.3449815360740678,26.364099564191537,27.56084305667912,0.5153821797233809,0.3957904654377498,0.009199600109945744,0.00866607222760356,1.7
2,2,2,7,Native,0-3,2.9109978018525773,3.1097444479117176,31.01490391532927,28.26137016856171,0.8803722850269754,0.8602264030349924,0.011073011137700177,0.010365324746662076,2.36
3,2,3,2,Native,0-3,1.8757488692777713,2.018768680619232,22.96558820557378,24.317258798517194,0.665183778556319,0.5741495365108292,0.012056669138910847,0.01120251355278172,1.82
4,2,3,4,Native,0-3,8.48372524495147,9.184331124826677,106.99648065519739,124.68535769672121,3.1428225067687534,2.7368914789948455,0.0027519089855777713,0.0025419858469220334,8.16
5,2,6,4,Native,0-3,1.0585147321415942,1.1475434161055513,9.030851301323656,10.889031035648776,0.415497605243017,0.34511485300115874,0.023419253389909214,0.021602341472277433,0.98
6,2,6,8,Native,0-3,5.450982311113858,5.887319533233268,71.48542786342219,81.88650696418803,2.1348185905397004,1.8845311410259848,0.004884121066229689,0.004522135648841761,4.9
7,2,9,4,Native,0-3,3.136621578292919,3.324869518309645,45.811557866409686,37.9418450890259,1.1578670973221892,1.1934182570974305,0.006617445900624244,0.006242778398003581,3.16
8,2,10,5,Native,0-3,5.653936707983525,6.148691360770921,53.98035546247397,56.102435535006705,1.5857897964008445,1.383964048624479,0.0054503876899362836,0.005011822065013939,4.74
9,3,2,5,Native,0-3,3.144363344731027,3.346680144700976,40.47015224584271,43.466551468068204,0.8976653758268648,0.8290659376762409,0.009114052681647538,0.008563081004169462,2.7
10,3,2,6,Native,0-3,3.6669160919614607,3.8498485095651946,38.08469192341081,33.20457775631695,1.1971086003548317,1.2658875358049966,0.011841315543692159,0.011278654318286974,2.54
11,3,2,7,Native,0-3,2.8477913857126893,2.956090617050703,43.71911845496975,44.08821649837869,0.8450680202789403,0.8808304579686329,0.008170510273771981,0.0078711757482385,2.68
12,3,3,2,Native,0-3,7.939152145602194,8.404860402929131,52.24987579900927,55.33179959895723,2.4889689533289228,2.0310028316676405,0.010048852705558501,0.009492051824010275,4.08
13,3,3,4,Native,0-3,17.2883891264104,18.44257410207901,206.9198180668085,224.65166859578986,6.749709426232714,6.160273198925166,0.001950951019565922,0.0018288553542545108,13.740000000000002
14,3,6,4,Native,0-3,4.666933021515826,5.005693668659033,74.20483753297654,75.58140700574171,1.6513171468173948,1.5683577953668444,0.004793623753791306,0.00446921495203768,4.56
15,3,6,8,Native,0-3,2.562950513397345,2.7331343895000524,23.5882943308139,27.124397143880238,0.8922774262250416,0.7791550604251534,0.02462283233783831,0.023089644264840944,1.48
16,3,9,4,Native,0-3,5.576091994750068,5.925063346585,46.93883329867055,44.66522721795347,1.9802248725382945,2.050928594085684,0.011792578908098478,0.011098025624452806,3.16
17,3,10,5,Native,0-3,7.439702537242954,7.866098495367915,74.48315251004068,82.80636959408997,1.9060778999766714,1.827912345504823,0.005664606014062618,0.005357545899040035,5.26
18,4,2,5,Late,4-7,2.098844285798494,2.228227476692695,30.906224957272155,29.425320174107007,0.4152431821535014,0.3574146623792606,0.012216159411692408,0.011506821742316304,1.8999999999999997
19,4,2,6,Late,4-7,5.827830414004812,6.177254420065109,87.57014590249894,88.53237890793726,2.040932051314535,2.035392276252308,0.003561198212881996,0.003359754648913186,5.88
20,4,2,7,Late,4-7,3.461125505989641,3.6689276977853766,37.36208670542045,37.882128584231495,0.958138908750801,0.7866063807971406,0.00999163316390353,0.009425723055527344,2.7
21,4,3,2,Late,4-7,7.1321883963630395,7.573584894206536,83.19431040120767,85.33639179280227,1.9303801836090715,1.8496306626306287,0.005099645075284513,0.004802432393586404,5.44
22,4,3,4,Late,4-7,4.378003893670001,4.698951407856654,67.48758459313933,78.50178005428822,1.640648246103568,1.4747709825016164,0.004460747491794812,0.0041560697680558195,4.58
23,4,6,4,Late,4-7,4.693878280240392,5.001517811078655,73.41799291420158,90.21260465262525,1.6735921618064176,1.5296163376971152,0.0038010075777287927,0.0035672105120990332,5.12
24,4,6,8,Late,4-7,3.0519178253794297,3.308413444954597,62.39209387193747,83.26841554865572,1.629621410187562,1.3639294552598735,0.003496822226519466,0.003225719597280926,4.34
25,4,10,5,Late,4-7,11.50499927928959,12.499302974452887,163.12558195344803,211.16124902048017,4.624510802305863,4.120439292731122,0.0015821421848517116,0.0014562847811319137,12.56
26,10,2,5,Late,13-17,1.5609254296433233,1.6584954638103633,22.187601522429276,24.387456386535234,0.22292386692922078,0.21749362401803374,0.014170330346978498,0.013336683438510966,1.52
27,10,2,6,Late,13-17,1.0036733409976382,1.081511952621834,16.00354784215632,17.028669514867588,0.16068656097166004,0.17755943334623167,0.018207271929660502,0.016896857592552827,1.08
28,10,2,7,Late,13-17,1.4116664310848248,1.5155955494128202,20.04360643837985,22.58455025388407,0.18498845980729822,0.19811631403207128,0.01441776588101998,0.013429094664048942,1.44
29,10,3,2,Late,13-17,1.6629349736271055,1.7613847782920986,25.031936649901514,30.761433495426008,0.3500560773996944,0.31792574757677544,0.008895882718646962,0.00839866148296518,1.98
30,10,3,4,Late,13-17,1.7200569442758975,1.8788839066878722,38.07300587489951,51.44497435923863,0.5683149556088782,0.4165266311753749,0.003557683683041491,0.003256943392175826,3.24
31,10,6,4,Late,13-17,1.459932040445591,1.601407096019929,32.086851405473084,39.955929276315935,0.3680333316052408,0.2413133877038455,0.005003771703599328,0.0045617174117160075,2.52
32,10,6,8,Late,13-17,1.413416809560341,1.5634006868893813,51.86810762402868,69.50503457394747,0.4811772306515494,0.2600177824826172,0.0017981697263633849,0.001625663426527812,4.16
33,10,9,4,Late,13-17,2.155443399789673,2.336458520293241,51.895978846781226,63.06157154534321,0.5295451732355849,0.36577973805649994,0.0028209921282396906,0.002602438181915475,4.06
34,10,10,5,Late,13-17,3.7072115508308436,4.04065294036142,85.51794730694932,108.50899595374523,0.9605811105266581,0.5275216459351288,0.0016167526689559307,0.0014833355543408572,7.06
35,12,2,5,Late,8-12,3.6661808717608415,3.8841073195411373,53.804704740623535,51.47423909984717,1.0131077718327506,0.8185109186729557,0.005133633782105653,0.004845599883374097,3.8800000000000003
36,12,2,6,Late,8-12,3.0850171179442754,3.246465657934454,44.4760940024025,45.56400371198177,0.9654983399496324,1.0810533040603512,0.007667609017322754,0.007286294562929323,2.9
37,12,2,7,Late,8-12,2.152749709116778,2.2838937301381486,42.360639116387745,42.92697243265106,0.5745268125401902,0.5134522950812701,0.006128954836137152,0.005777022619999941,2.72
38,12,3,4,Late,8-12,7.726690827972443,8.32057147242748,83.63462636047862,84.6846803498751,2.5784694097237124,2.336440937323727,0.0049639490946351734,0.004609647314146547,5.78
39,12,6,4,Late,8-12,2.0889962620450366,2.2589246450766023,40.491550623717366,41.1172664340353,0.5816318926096731,0.5542654761921696,0.008615273245906187,0.007967186354100065,2.28
40,12,6,8,Late,8-12,3.2443274889664035,3.536969690277105,69.01769092804243,73.77692919074191,1.373319085657355,1.2899513037771082,0.004580143077640507,0.004201190677725065,3.92
41,12,9,4,Late,8-12,2.069069207611878,2.1705295424674764,21.909897395242307,25.716519852674892,0.48178484333820815,0.47865080167342783,0.009750806569934756,0.009295009917393881,2.1
42,12,10,5,Late,8-12,6.455427864147691,6.934701880637104,90.02275946956601,100.70294951928018,1.7348301996175293,1.4235233663373081,0.002854914649671106,0.0026576045944684697,6.96
43,13,2,5,Native,0-3,1.748917750822925,1.8430712675107912,27.491704365475474,29.19386065929207,0.5535809694792533,0.3365680530501675,0.010770636205649784,0.010220416963668332,1.84
44,13,2,6,Native,0-3,1.900221094746304,1.985974241618784,30.63893217046279,31.90189639562796,0.5375349502963548,0.44398826918321516,0.008754956099536165,0.00837692247728048,2.12
45,13,2,7,Native,0-3,0.7849259524081013,0.8294778784261315,16.799149976332693,17.32487042146363,0.18049635430219113,0.16435397340515273,0.015638723198079404,0.014798754758825437,1.02
46,13,3,2,Native,0-3,4.0465163219756,4.248414697414685,74.22026329864495,84.23281926731462,1.0972003820842138,0.9108612970790193,0.0030827610784363367,0.0029362583243662385,5.24
47,13,3,4,Native,0-3,4.675095695359355,4.9258479358152725,104.47203118547341,125.65401877781561,1.4328848961488765,1.2291360104695175,0.0018039434321450495,0.0017121129771329945,7.38
48,13,6,8,Native,0-3,1.8912746121603188,2.106330008681288,36.195410974759334,39.91146750710653,0.5743743071987322,0.43292728185024665,0.007759836459922223,0.006967560463307983,2.32
49,13,9,4,Native,0-3,1.8104927650298241,1.9761005727262462,32.19356567762302,37.62668989709113,0.49364069429113344,0.38329989605913595,0.007670006880632845,0.0070272192401406005,2.26
50,13,10,5,Native,0-3,4.731563370796127,5.104550285083993,88.00266166448768,97.30358517240963,1.0343167838502252,0.9829241404166044,0.0029831632410841982,0.0027651850079457472,5.84
51,14,2,5,Native,0-3,0.8937816008933762,0.9540200585211914,12.412507847573744,13.201370169555265,0.159845404051349,0.08874437844922088,0.027700930851370247,0.02595184671583555,0.82
52,14,2,6,Native,0-3,4.712239090108101,5.044646971772636,58.013855006329834,62.65683224007984,0.8985915566009512,0.7250343797084298,0.006090803356240506,0.0056894608931084,4.06
53,14,2,7,Native,0-3,0.7079464346860342,0.7578717007416056,9.58608670017032,9.998712567642762,0.1461432815317314,0.07385847198870035,0.0300742738389526,0.028093112487541046,0.7
54,14,3,2,Native,0-3,2.155062050656098,2.3181976746735034,20.12637108106788,22.177697911160383,0.4575180325696201,0.2753075424947424,0.019299014940671853,0.01794090951262153,1.54
55,14,3,4,Native,0-3,4.832686355015602,5.121239738179143,57.348558370864986,66.11238562749745,1.2772534683439818,1.2330303530440048,0.006982493098520864,0.00658906843779396,3.82
56,14,6,4,Native,0-3,1.5827737518044076,1.7346362676335656,25.851875504223322,28.624211790368157,0.28853273784608996,0.2303666347431847,0.011864817152076372,0.01082608585365532,1.7
57,14,6,8,Native,0-3,2.5597310945686846,2.778275652599591,34.701801555595324,38.37340509609476,0.6752328358625008,0.7168083778278637,0.010596016981691806,0.009762513709262718,2.28
58,14,9,4,Native,0-3,1.1245263478812357,1.221989178373055,7.746962846071972,9.108231784987048,0.29074247109474743,0.19208644305055492,0.05445584573854968,0.05011258234764865,0.66
59,14,10,5,Native,0-3,4.426206696409582,4.759787737878357,44.11052992832555,47.75075727655075,1.0835928556887164,0.7462304534023071,0.010939023115182838,0.010172381633594369,2.94
60,15,2,5,Late,8-12,4.730569074222182,5.021602735568076,67.57155973413981,80.5681681116412,0.9333124256232623,0.869446619074676,0.0039071323142510946,0.0036806892675470596,5.06
61,15,2,6,Late,8-12,3.617435615033136,3.8388839193228024,36.277575156402484,47.10669525794349,1.2355067872835894,0.9304341059474514,0.008588107202064434,0.00809269712535377,2.98
62,15,2,7,Late,8-12,2.946833046439542,3.1159686662403474,53.680771024707134,60.74649914094271,0.6414007635815699,0.5711495296820728,0.003994217128442223,0.0037774099451873327,3.94
63,15,3,2,Late,8-12,2.4976252454245396,2.642532795696678,24.70021210208282,25.490944010634582,0.35045780054580233,0.42339916720027043,0.014188857365209827,0.013410788474143792,1.9199999999999997
64,15,3,4,Late,8-12,4.946537747582921,5.345226986346936,74.05447452182307,93.73087423758253,1.7972107616388415,1.582018144763362,0.00365260830008674,0.0033801679291942874,5.4
65,15,6,4,Late,8-12,2.853378873093884,3.0048881427335976,39.11363921655124,43.19278553018359,0.6182278034320275,0.5611148253695202,0.007832572575157955,0.007437646942690762,2.76
66,15,6,8,Late,8-12,5.4895588603704235,5.8491578380081855,60.40292436353223,68.22102304562105,1.3224752257763912,1.2609030859895953,0.0060701098360400425,0.005696927003290187,4.38
67,15,9,4,Late,8-12,1.3762704819005824,1.505923923799177,12.895493154749166,12.390098225483401,0.2303198841708056,0.2898590937623932,0.030733141302024022,0.028087152691848624,0.98
68,15,10,5,Late,8-12,7.551784637594383,7.949397893104409,66.16532881609787,62.738459180240355,1.7842066812116844,1.7749466370752152,0.007546419112497066,0.007168962063408377,4.58
69,16,2,5,Late,4-7,1.686615449164348,1.7921095920046686,23.187676618056845,25.690895761165546,0.4372185620637645,0.3623446713459385,0.009622581572190016,0.009056139654018192,1.9199999999999997
70,16,2,6,Late,4-7,3.333714749143537,3.573919700457972,26.693053264993427,29.19009184194771,0.8328883465323645,0.7595805554298903,0.01636410119257313,0.015264261671902642,2.08
71,16,3,2,Late,4-7,0.6377251627343582,0.692544749709033,14.673514443416044,18.70997987132527,0.35774129296401425,0.1908545584857489,0.01165900252035409,0.01073611385074677,1.08
72,16,3,4,Late,4-7,2.4171860928488633,2.6181188929162538,39.59994663649438,56.646034370505916,1.028771697221712,0.63608407997042,0.003973831116684253,0.0036688514553592125,3.62
73,16,6,8,Late,4-7,5.740531062190842,6.347139118846828,78.74387913716238,108.82045414612912,2.2936905454752714,1.2735698343552178,0.0032497435481930593,0.0029391594280898468,6.24
74,16,9,4,Late,4-7,3.692337183939948,3.9873623021916362,33.50421388790256,38.00721878782042,0.8644187721279332,0.8715684548444849,0.009548281374979971,0.008841803601388766,2.88
75,16,10,5,Late,4-7,6.67698157238874,7.118765409199685,49.48914415536139,62.49202505571348,1.8626405387925942,1.4503370205731265,0.005717883862810991,0.0053630374075411555,4.98
76,18,2,5,Native,0-3,0.8855449351766483,0.9190377487048644,12.208915503924917,11.556323440091969,0.21920629039411627,0.257506211064215,0.02544401297632515,0.024516747928478636,0.84
77,18,2,6,Native,0-3,1.1552397317250318,1.225434121999336,14.530282089791088,15.227669704026995,0.31774174720845205,0.2470400055199709,0.022232113969509,0.020958630836811168,1.04
78,18,2,7,Native,0-3,0.22958132500075878,0.2443115707435595,6.029766380958022,6.297564745648926,0.05560881263588378,0.052929941595842495,0.020359297561963294,0.01913177708339657,0.48
79,18,3,4,Native,0-3,3.0686599193852513,3.279110823812806,55.187188476578946,63.88343725714071,1.1147845979281277,0.9540649880604177,0.0038449308473017282,0.003598166032767285,4.12
80,18,9,4,Native,0-3,2.73789176272372,3.008186236651033,34.48681908153656,38.37260304994847,0.5218355880267158,0.6207191233924678,0.008832020659574377,0.008038437353857076,2.6
81,18,10,5,Native,0-3,3.0544533697324727,3.261589924348525,47.91422000054889,50.58736083006887,0.9404113381952779,0.8953522627529763,0.00484317819605091,0.004535598375107616,3.66
82,19,2,5,Late,8-12,2.908682378791904,3.1221688958172953,42.820267899647966,42.945529150439505,0.9570027055550855,0.9355615972967137,0.006984717887734441,0.006507119415641843,2.98
83,19,2,6,Late,8-12,3.3337783542892154,3.517801506628033,35.68106193244208,35.452362020785486,0.8884402045747326,0.853528023246271,0.011915057264015828,0.011291757059643732,2.42
84,19,2,7,Late,8-12,1.426121452428347,1.5175255729773076,28.279871543566983,28.5232773511395,0.38581464967448287,0.32146548341655073,0.00906310065084393,0.008517208865434465,1.82
85,19,3,2,Late,8-12,3.6395097775032115,3.826947734919096,49.7432920478939,62.61318671044089,1.5058779156739759,1.3246283266279881,0.005560807519498831,0.005288447802242388,3.7
86,19,3,4,Late,8-12,2.981763999183094,3.1733211875865814,53.66799479846004,68.76531628738883,1.2798965826865034,0.9697414679263204,0.004513200005100952,0.004240761177584329,3.74
87,19,6,4,Late,8-12,1.7117567107812397,1.8836477792713384,45.47262473522138,59.80197468923952,0.69351191385595,0.6174243447501485,0.0029559471773136312,0.0026862041158452698,3.56
88,19,6,8,Late,8-12,1.6181131510193425,1.7513389985477452,52.011597810790754,65.89492142650954,0.6621357703275934,0.600746662407819,0.002572472089523715,0.00237678194920585,3.68
89,19,9,4,Late,8-12,1.5545708318278972,1.7354810449576359,21.801878457448655,27.836169229256676,0.7033544692071816,0.4044502947724729,0.008423029727031819,0.007544995301047841,2.02
90,19,10,5,Late,8-12,6.091766033576834,6.516973416421812,90.21832083510017,99.59181462427372,1.8916000840006963,1.5922091440853998,0.0028270750548420143,0.0026426193100715055,6.780000000000001
91,20,2,5,Native,0-3,1.1796608524190888,1.249671087515393,15.02673298276528,16.781734170885812,0.4029945626554379,0.3627135418977242,0.018900046695635102,0.0178412107141423,1.14
92,20,2,6,Native,0-3,1.3567023968450507,1.4386983028063698,26.49278392940863,29.610248015846814,0.4383671570282264,0.40977456576947635,0.007724969409398463,0.0072846992957745415,1.9199999999999997
93,20,2,7,Native,0-3,0.6399021363086258,0.6529159672790051,16.823317639239797,18.27175632165177,0.274095513631678,0.20279909193491702,0.010227380439834038,0.010023529704082483,1.12
94,20,3,2,Native,0-3,1.6089914251998993,1.689020929589515,47.07002155533244,56.20593811396665,0.6482937279288524,0.36791494266400737,0.0027419170934894726,0.0026119990668829534,3.5
95,20,3,4,Native,0-3,3.035764180336728,3.2472843264442752,64.46918097686931,90.86682933211748,1.2055531387645742,0.8981092962775761,0.0023563146362031427,0.002202830073097211,5.24
96,20,6,4,Native,0-3,1.3698264915828877,1.4899492446809315,24.101876525820394,30.338165443637187,0.2967930588164085,0.2421918373452233,0.009300557082902193,0.00855072716343875,1.7799999999999998
97,20,6,8,Native,0-3,1.0167690719453906,1.0736314959217885,24.067207911864617,30.04851387469871,0.3556562618887117,0.2907636438397946,0.0070116999472426104,0.006640341378953699,1.74
98,20,9,4,Native,0-3,1.4477973053031779,1.5099669701925358,16.688559933339885,18.964131491125283,0.3029353697591098,0.38477811032427756,0.017598682636276643,0.016874094467403004,1.3
99,20,10,5,Native,0-3,3.352407859214676,3.6320001739385237,66.81871673924982,80.41724065864916,0.8144694493388158,0.8484675697039138,0.002676097976671473,0.0024700912608419364,5.2
100,21,2,5,Late,4-7,1.3650917036530088,1.4616292620870317,21.423663382988252,25.369751227506306,0.34795834892885213,0.23185813967770824,0.008923255568296895,0.008333893184694803,1.8
101,21,2,6,Late,4-7,0.943911454506217,1.066657837815772,13.729432458815063,15.239166095190354,0.2513309972703114,0.27197206991559403,0.01731587399051578,0.015323237897828199,1.1
102,21,2,7,Late,4-7,0.40078345497669343,0.4302806370077466,8.472696905674862,9.072862623983633,0.09081945570939454,0.0899516844480207,0.014516890587305889,0.013521709007310844,0.76
103,21,3,2,Late,4-7,5.350561218571726,5.739992256054174,78.15750767800002,96.92644046553407,1.7780906689943166,1.1144719586735334,0.0023495670307221344,0.0021901601385885083,6.98
104,21,3,4,Late,4-7,2.4162862808009176,2.5871683443935165,33.295669943457646,43.51628339334556,0.8922361805756054,0.6168427136583634,0.005349810472277743,0.0049964563291995815,3.1
105,21,6,4,Late,4-7,1.3203657773346187,1.4307061709572524,20.730277456258683,27.383136913650983,0.46331304913503046,0.31988671258691137,0.010018950777011572,0.009246258944920299,1.6799999999999997
106,21,6,8,Late,4-7,2.715463906940494,2.914662567234648,46.92646667274686,58.96617234786317,0.7938017943691548,0.7690726713959931,0.004145327351283775,0.0038620205753505713,3.74
107,21,9,4,Late,4-7,2.443019910311923,2.59937940360189,25.85543486915123,29.704480014682826,0.6659262591370575,0.7189896932859705,0.008661133558582865,0.00814014364358231,2.44
108,21,10,5,Late,4-7,3.464029751834047,3.6919744834289214,43.86577662876176,55.13602364396245,1.0964374593601478,0.7490349781131804,0.006276306411377875,0.005888803467690139,3.42
109,22,2,5,Native,0-3,0.7169656618957908,0.7634573612285861,7.793902254911605,8.655188653526487,0.14229217551750967,0.1201578882447423,0.04701092125791786,0.044148131890134897,0.56
110,22,2,6,Native,0-3,2.4278556092821253,2.6401042116986826,35.73884542688734,38.62527978775938,0.7435976111023678,0.6711328828265086,0.006783412671373799,0.006238066827549141,2.78
111,22,2,7,Native,0-3,0.4411251611164367,0.48526603991328093,8.262246275577095,7.970383104379599,0.0724125305530364,0.04737120419127488,0.020389329408121045,0.0185346706351444,0.68
112,22,3,2,Native,0-3,3.0155058822089433,3.283874073611208,30.90779151320708,36.36756380754367,0.9311671778438995,0.7429521010246143,0.010100498503971482,0.00927505500187298,2.54
113,22,3,4,Native,0-3,1.9861240976645707,2.126596685423139,38.49189383785484,44.02110124054092,0.9298304997412248,0.7137600848861942,0.004887379769771877,0.004564543338997451,2.94
114,22,6,4,Native,0-3,1.1932579424294867,1.3233950790965867,17.238774556266726,21.060804006698717,0.3805149062250165,0.32220617886666125,0.01192247819005934,0.010750071553418799,1.48
115,22,6,8,Native,0-3,2.8423706888106772,3.04009633023022,42.37341701067148,48.69931336660246,0.8834814907163758,0.7911799174275543,0.005756449917121525,0.005382054625484126,3.24
116,22,9,4,Native,0-3,1.6553714566680622,1.791961936795142,15.581888076469113,17.18924574680456,0.41475934701295875,0.3904138463390447,0.020885337258684637,0.019293373620839886,1.3
117,22,10,5,Native,0-3,4.0445879211318285,4.282147009517228,55.90845072532205,60.40867234985773,1.100327180854477,0.9004552628405575,0.004653495989477535,0.004395335710858323,4.28
118,23,2,5,Late,13-17,1.8216677243382946,1.9595769881254068,49.75011773091546,55.64555075513493,0.520179268475114,0.4899860741317895,0.0035343355243586446,0.003285599387378787,3.32
119,23,2,6,Late,13-17,7.704958015403559,8.311569351041017,86.15595326729769,88.35906158416256,2.0095038066974005,2.0385763901148204,0.004423777091737997,0.004100912273213024,6.12
120,23,2,7,Late,13-17,2.3522738428811496,2.5306844155900836,43.00790823164724,46.02942129258898,0.5172759226745179,0.45269065621852106,0.006060068044995411,0.005632839662071718,2.88
121,23,3,2,Late,13-17,4.562984622659065,4.9201012628895855,25.87527700801572,32.717842759613276,1.3771670155731932,0.9644445697163023,0.022965371839477153,0.02129847191308376,2.06
122,23,3,4,Late,13-17,4.7363257925744,5.099969923865662,92.36547403272088,122.10675630466372,1.929305347522851,1.7904104309097053,0.0021238901250460853,0.001972449981082441,6.919999999999999
123,23,6,4,Late,13-17,5.456408027239913,5.90545212700139,69.84046752414129,87.83523232014696,1.7197787641325701,1.2107151855929759,0.004005760342278998,0.003701166721320757,5.42
124,23,6,8,Late,13-17,7.707202664421655,8.250768924949062,62.67952504627835,71.70185353578934,2.190417296778646,1.7765391077731874,0.007631686514863347,0.007128905823980369,4.64
125,23,9,4,Late,13-17,10.506019818894785,11.244436980944895,124.06729276907659,136.0975516586433,2.6503038210833534,2.4289510804808616,0.002721701355701432,0.002542968441422952,9.08
126,23,10,5,Late,13-17,12.913149363227475,13.678170416253627,130.6193361493144,156.22958307661645,3.943013973937019,3.2104302804168463,0.00234971662479448,0.0022182968053369536,10.78
127,24,2,5,Native,0-3,5.554319450160505,5.839413260689581,131.0090405044917,151.06086158045943,1.564930812360954,1.166538501713563,0.0017496683867543928,0.0016642454846111105,8.16
128,24,2,6,Native,0-3,7.00788250965164,7.4144433399960095,198.42711444280772,249.82350956506457,1.7002990637594635,1.1306149157057899,0.0009296128483013713,0.0008786388028911865,12.62
129,24,2,7,Native,0-3,2.7023146645185956,2.984171370121967,69.54938120914362,85.09022316015394,0.7355119019130323,0.5350134613599848,0.0034654535606210143,0.003138139474775404,4.14
130,24,3,2,Native,0-3,1.2655303662508088,1.3394839434593744,50.52130944876251,61.17615010019802,0.3625134549279127,0.08614995980546009,0.002567832113065283,0.0024260608202032225,3.2199999999999998
131,24,3,4,Native,0-3,2.675657838353938,2.822045835321845,60.76145682753765,74.62313273007122,0.7630942778421236,0.4206208162453242,0.0036918443685529114,0.0035003373081553355,3.9
132,24,6,4,Native,0-3,0.6558826749709147,0.6711123958587519,30.32856859130261,31.220315855013055,0.10458607623419805,0.10921813744245444,0.0036034815069735395,0.0035217068028936573,1.9199999999999997
133,24,6,8,Native,0-3,3.3753638494910825,3.55811435682806,110.43925058600207,116.96306639733208,0.5177860993325708,0.5284104034433434,0.0013998183822852973,0.0013279214464683388,7.12
134,24,9,4,Native,0-3,5.9652888666255715,6.191989954126555,93.45425663719746,110.80441280065153,1.4604239041659979,1.2361197736182818,0.0032112799264218212,0.0030937085710121205,6.2
135,24,10,5,Native,0-3,9.60673549305982,10.125636662958595,165.67370445354015,193.3238731947977,2.293132083878518,1.8577564540959943,0.0020957802773000586,0.0019883793430239887,9.82
136,25,2,5,Late,4-7,1.2784241791999034,1.3531111187313474,20.034765567128836,19.623467378080605,0.3654450766552926,0.3533617965955345,0.01097948002865423,0.010373451632586038,1.56
137,25,2,6,Late,4-7,1.6888217541503883,1.800898156746132,27.14627051087692,29.874468434493963,0.5449133198908747,0.3837599464420281,0.009095445236091576,0.008529402798739335,1.98
138,25,2,7,Late,4-7,0.9977816773117041,1.0573815500829276,15.118176093826634,15.164040209145304,0.286230027132383,0.2615523909489609,0.018472773411651426,0.017431545725221945,1.06
139,25,3,2,Late,4-7,2.537151550389781,2.678737203269288,35.48199726376626,46.33623187918372,1.020158951416267,0.7715815852569001,0.006326729341684667,0.0059923277052191335,2.9
140,25,3,4,Late,4-7,4.343336780163207,4.650228289909595,42.828969689160566,55.73105566632275,1.7152636522212727,1.2887404812812255,0.006830535090936537,0.0063797543774430174,3.68
141,25,6,4,Late,4-7,1.4811432692564617,1.5854965960806753,23.842319829657015,32.07615215534931,0.4711804710195343,0.34127575831379314,0.008007558566064017,0.007480521561901322,1.98
142,25,6,8,Late,4-7,1.8926537176195877,2.0211409665021836,60.1591244807734,72.30348305888519,0.8629457572918438,0.7015843971292158,0.0020051001651807377,0.0018776326563686384,4.48
143,25,10,5,Late,4-7,6.245251914953821,6.598735112906545,98.64545491369509,115.09431694217761,1.8408664754415,1.4960261282210412,0.002278883517373444,0.0021568075407355372,7.6
144,26,2,5,Native,0-3,0.8960539401007275,0.9513575400287195,14.069190483772706,19.097342465571142,0.40911953602770385,0.25726050977247183,0.014902217105713024,0.014035932645688086,1.12
145,26,2,6,Native,0-3,5.266825045146826,5.598090692830431,71.55630038689425,81.92474142254763,2.014605064365373,1.7240762086232775,0.004321515124926996,0.004065790524275765,5.08
146,26,2,7,Native,0-3,1.0646875085802008,1.1538166075499008,20.005096708231846,24.76895071703659,0.3437783800011443,0.2426891071531157,0.013447746008740102,0.012408945321447562,1.3
147,26,3,2,Native,0-3,3.186252550619313,3.434673190999007,30.14859884865789,40.07744756298397,1.1630897542777279,0.8250605445880334,0.007582060024280368,0.007033670089667357,3.0
148,26,3,4,Native,0-3,5.430328135434475,5.8275707633483735,68.06032026611247,101.47479394375371,2.7289632452242683,2.109036637555385,0.0037567176989688083,0.003500636997134212,5.56
149,26,6,4,Native,0-3,1.879256823129038,2.015024813186753,14.066187392911948,20.32076359799139,0.7184826037192832,0.4808513234956849,0.02663967230548325,0.02484474911593123,1.22
150,26,6,8,Native,0-3,5.528108027048818,5.964644371636603,59.470137743366095,88.95330023133631,2.4642495406171863,1.7724327891344631,0.004790879013362732,0.004440247411284191,4.98
151,26,9,4,Native,0-3,2.440910559046142,2.654645648750448,25.466216951083943,31.915794556152406,0.8059430884580484,0.5205966860289236,0.013141810142328951,0.012083715638842286,2.0
152,26,10,5,Native,0-3,7.170622043011194,7.721689201980815,76.54438529600246,108.11029487531772,2.9049207396295205,2.230245051176052,0.0034712957876952464,0.0032235628036769676,6.66
153,27,2,5,Native,0-3,1.7405527469916786,1.8433129040405476,30.570683538659154,33.256458878695945,0.6659459521099347,0.4262829881360627,0.007548373890419932,0.00712757062650155,2.2
154,27,2,6,Native,0-3,1.8634839583914165,1.9876356418067245,27.658980272680957,32.163891688719985,0.6587268103413295,0.4940687907232056,0.01003856384750871,0.009411535143390992,1.98
155,27,2,7,Native,0-3,0.616055971408273,0.6533403904768548,12.963921098158034,14.162252347155455,0.19577306865873884,0.16551750190222542,0.01578116885209794,0.014880579019523499,0.9
156,27,3,2,Native,0-3,2.2978259080225842,2.4301351314161317,21.51999943718772,25.55508543894033,0.6685606463912291,0.48370149878126667,0.013606579683181028,0.012865766562276509,1.88
157,27,3,4,Native,0-3,1.4718563170532526,1.5627984705301101,27.436132342997187,35.600491004006436,0.5298083806515913,0.3595906587612009,0.005381537432954924,0.005068375747428556,2.4
158,27,6,4,Native,0-3,2.4676468951457013,2.6507264425414365,47.06655717199374,53.97944798536426,0.6970565692677196,0.5125986313003295,0.004613168190987533,0.004294547328829971,3.3800000000000003
159,27,6,8,Native,0-3,1.939198908455755,2.0514621398517012,27.16632951071495,29.058521210256675,0.4748954245341187,0.3639812759091336,0.012251923912157797,0.011581455497227394,1.82
160,27,9,4,Native,0-3,1.9683419873914467,2.1278641688063717,25.188376853606222,31.444364824109154,0.6611294464897137,0.4565455121446972,0.007207235363793427,0.006666921783604684,2.42
161,27,10,5,Native,0-3,2.843133618301987,2.974103575114923,42.80247370511787,45.260590430788476,0.660400486677715,0.6876613789878326,0.00712189553427903,0.006808270158769126,2.88
162,28,2,5,Late,8-12,8.56650854368613,9.018841716543688,119.78106883520653,111.51761475133478,1.4739084230537365,2.1096512831874126,0.0027697103765520013,0.0026307976511823847,8.06
163,28,3,4,Late,8-12,11.43983042265481,12.293635580694557,114.90066911255032,119.79263197374024,2.8588943959669417,2.9741732299185215,0.004502173727640283,0.004189493306472867,7.38
164,28,6,4,Late,8-12,4.764243567506707,5.066487085639215,29.097469309792356,29.343115344236203,0.9303676851314067,1.0870918901082707,0.02558831861433947,0.024061836199528824,1.98
165,28,6,8,Late,8-12,6.2953054258118435,6.676912614316413,73.52762519544208,67.65607467032108,1.4374487842622212,1.6069224056529614,0.0069291330576135455,0.006533110653602993,4.38
166,28,9,4,Late,8-12,2.9831018443016104,3.238915541499661,39.22318382145294,38.548032737006146,0.6094406917070367,0.6461821144404294,0.009656874005663866,0.008894161730177728,2.58
167,28,10,5,Late,8-12,10.439491345300986,10.953602019010916,101.0708780262575,101.86959012968597,2.627094060548966,2.4720835246296975,0.004382773170648244,0.004177066366295748,7.06
168,29,2,5,Native,0-3,1.2094466076476171,1.3789114038832702,31.995061713801103,30.477551433281985,0.38932382253816167,0.44351656197076855,0.0075598212932196825,0.006630737980524218,1.8999999999999997
169,29,2,6,Native,0-3,8.89869170133489,9.705116693417782,128.07643158151475,110.89526950277708,1.8932104373013408,2.1168946674089826,0.003369364217962013,0.0030893944248489413,7.58
170,29,2,7,Native,0-3,2.6122691374790628,2.7443177668956316,37.70033785604134,31.221206440003318,0.4448484094703699,0.37528175922742557,0.013319344626750298,0.012678456306926144,2.02
171,29,3,2,Native,0-3,15.422745881910098,16.79251647150718,190.80448416727032,202.0368943335929,5.103804166542207,4.0511707716486,0.0025002257863598323,0.0022962816213909385,11.58
172,29,3,4,Native,0-3,4.141491032063335,4.520464597975927,50.68143770446695,62.116455242139786,1.4546820952424602,1.1777994092310067,0.008665870328149541,0.007939366291050024,3.2199999999999998
173,29,6,4,Native,0-3,5.573934221018235,6.02987538021546,54.15410104350133,51.83023141364107,1.2155635172222963,1.0139094157793793,0.012630656431117427,0.011675605825341925,3.08
174,29,6,8,Native,0-3,4.551878818618779,4.96188373033056,55.867027221826675,60.55407267497283,1.3082364028925315,0.9567543297469248,0.009630985501418011,0.008835168514399803,3.2
175,29,9,4,Native,0-3,7.643978115058383,8.335307323113206,63.11761307183628,73.50010416492353,2.2001081254975805,2.202987352627162,0.008269154090390085,0.007583311622081728,4.48
176,29,10,5,Native,0-3,8.876461023463882,9.592353504908232,124.40349109279789,120.75315285712776,1.8258815493307425,1.882836703450463,0.003295390163976114,0.003049449995006212,7.62
177,30,2,5,Native,0-3,1.437550693984325,1.519494926770877,23.233000994252453,25.28182967763955,0.381876998506289,0.2570098454643993,0.010640720775706422,0.010066881610534489,1.6799999999999997
178,30,2,6,Native,0-3,3.0663072470702653,3.2671358784020974,37.96437314655752,41.175225963405936,0.9300908444237918,0.9148428450047462,0.007823601241384334,0.0073426897678885664,2.88
179,30,2,7,Native,0-3,1.6375694269327523,1.6669508999286813,24.573545191043262,24.184681841821565,0.3972077903860965,0.33515362675518545,0.013187902689309186,0.012955454326999622,1.58
180,30,3,2,Native,0-3,8.935725850567525,9.636604340866267,117.40103574669676,136.1216980439372,2.5235986119387475,2.242306712298699,0.00261197060250075,0.0024219997426593825,8.58
181,30,3,4,Native,0-3,3.3334077661080803,3.4934512213151923,39.000691362195084,47.445901583286094,1.0544810759713963,0.9787647958687993,0.007413316402077906,0.007073694436185553,3.06
182,30,6,4,Native,0-3,1.0741951379221866,1.154392695561874,22.960710672037173,28.456274782378784,0.4003804246957265,0.3284600999307042,0.008480698615647033,0.007891530546004897,1.6400000000000001
183,30,6,8,Native,0-3,2.3085388952798693,2.471906243450431,31.81131330053155,36.92268838305523,0.6041305765754148,0.45756120374969367,0.00959441951347008,0.00896032795870156,2.26
184,30,9,4,Native,0-3,2.1534017158778154,2.280830246326364,32.338207111073835,34.84171165730555,0.5846751129637362,0.460071911504815,0.006211411346204695,0.005864383757837188,2.7
185,30,10,5,Native,0-3,3.558010423691612,3.859137095396776,55.986073406547696,63.820688403212294,0.878963285124524,0.7690400408820375,0.00443864682484907,0.004092301278629477,4.16
186,31,6,4,Late,8-12,2.7345409769239155,2.945218571629155,36.357589838961665,46.96895727340956,0.9818466603579813,0.6489303994506528,0.012060682111503499,0.011197956498459932,2.2
187,31,6,8,Late,8-12,4.358076513658879,4.5941075975244345,38.27275116165987,39.782109624370335,1.4831405955417405,1.3796967392131492,0.016638083433016208,0.015783270004559175,2.34
188,31,10,5,Late,8-12,15.114005774241575,16.159177538407672,164.5379435867743,218.6406396169693,5.590940884351226,3.129126954272178,0.0026372685806999026,0.002466690675449562,11.06
189,32,2,5,Late,8-12,1.2072693999542459,1.268135661944835,14.983965016610107,14.695930619131895,0.4506544840292495,0.24183194276320918,0.016765410655008393,0.015960727127898543,1.22
190,32,2,6,Late,8-12,3.8990130902397504,4.1606639533209195,43.33690068240301,42.648980430016515,1.1248510623761314,1.0770195581536661,0.01053866249574701,0.009875919681458335,2.8
191,32,2,7,Late,8-12,1.7357171654602122,1.8455432614846137,30.005481287246948,30.99043344985939,0.4207865951458459,0.40868370089977196,0.010785082173238742,0.010143274692965241,1.84
192,32,3,2,Late,8-12,1.8555787505577754,2.004205246649208,14.83776494487032,19.353571099658886,0.5630157185866322,0.5370647845438515,0.02485373569753482,0.023010649188464478,1.26
193,32,3,4,Late,8-12,6.514613915729765,7.062725805568377,92.87959219591723,119.52338000604176,2.6367314699680193,2.4151289372588893,0.0028745322773986066,0.0026514505151525296,7.0
194,32,6,4,Late,8-12,1.9649745705903618,2.1140791665949688,24.162245455564054,26.518777657511414,0.7345668866077669,0.6273282085196366,0.012625890865951795,0.011735395189861214,1.82
195,32,6,8,Late,8-12,2.6105188431761563,2.857733458135685,54.88398612549392,73.94938259114302,1.1224701106414459,0.9671330342398952,0.0031055568986477775,0.002836903763503756,4.28
196,32,9,4,Late,8-12,4.545448195726317,4.892016424263619,39.08272937474303,41.9265113270421,1.181926994030123,0.993531526418535,0.010799153254445075,0.010034101977320789,3.0
197,32,10,5,Late,8-12,4.602445757238158,4.9491297122160764,50.12071254547296,60.84561599855988,1.3465858147636967,1.1835053782285265,0.005428820271396689,0.005048534242944757,4.26
198,33,2,5,Native,0-3,1.3235144725117374,1.4035105079366652,17.879845461666527,19.635001676305773,0.33569444715461405,0.3210293543924633,0.016869116681931074,0.015907625871535304,1.28
199,33,2,6,Native,0-3,1.779048977707815,1.9336660092158093,13.320654973601046,13.413822950750639,0.4418630631636535,0.5620163754345762,0.04285607289928656,0.03942927698820512,0.94
200,33,2,7,Native,0-3,1.3789079962396376,1.4920535018387815,15.621053339317246,17.263432388585684,0.2675478091953553,0.2253235014722261,0.024221647757123075,0.02238487006882528,1.1
201,33,3,2,Native,0-3,2.6377228289283425,2.8464374760387905,18.603434860106137,22.243717629856903,0.7178215595257219,0.429938849139835,0.021963252129928935,0.020352799605928566,1.5999999999999999
202,33,3,4,Native,0-3,4.802947911989699,5.242859417649177,34.44911620416504,50.359779399537956,1.5029397814831715,1.2997244811595876,0.010982110217111806,0.010060636598218892,3.08
203,33,6,4,Native,0-3,1.0941111836923896,1.1055272920840342,18.40000622534638,23.04236171046899,0.3843678837107477,0.37886312888062823,0.013287587645240795,0.013150374803995066,1.28
204,33,6,8,Native,0-3,2.052739028962377,2.282654022370003,22.386618392750425,24.866755152667878,0.797493664856539,0.5794597063333776,0.01761307116026237,0.01583903571730229,1.5999999999999999
205,33,9,4,Native,0-3,2.7348032630817443,2.8736339712283545,28.339380473422814,34.78493690422932,0.5908789141319118,0.40016916247015205,0.013413153338444523,0.012765138457252355,2.06
206,33,10,5,Native,0-3,5.687219750553249,6.061904656179625,70.79337393090849,89.08044227912175,1.7246392535242618,1.4592166451594295,0.004432383270582627,0.004158418699769858,5.22
207,35,2,5,Late,4-7,2.5546138338559183,2.7924174297553024,43.01011835081105,48.053489839002395,0.6050689305272828,0.5326984672802582,0.006780345351969946,0.00620292791825932,2.86
208,35,2,6,Late,4-7,6.802706319590502,7.320549361523315,96.32504160922333,100.50704679486999,2.199452301440104,2.170973608768224,0.002896245197627518,0.002691369805186937,7.1
209,35,2,7,Late,4-7,2.5363492320144023,2.7625266132876396,48.62776406246201,51.628183130836966,0.7905586549411089,0.7094983770713165,0.006435855496430061,0.005908930276801794,2.92
210,35,3,2,Late,4-7,4.673048943460671,5.116452721132209,58.66526367920766,63.291836427919236,1.4861405208203828,1.4832728675901683,0.006693423235390122,0.006113355499032799,3.9
211,35,3,4,Late,4-7,11.73851221268473,12.687422652025164,227.00814852763702,268.53008969598153,4.46352627801325,4.193019308602217,0.000946904556814259,0.0008760842142069561,16.36
212,35,6,4,Late,4-7,5.538293460729386,6.212453654800977,126.12723594988482,138.5245857691587,1.841879706748801,2.0174540257540334,0.001995904920259904,0.0017793142262832954,7.88
213,35,6,8,Late,4-7,3.134103251495855,3.474607599041407,62.65533179148494,65.97465663785026,1.1678910432395733,1.0287843506502203,0.005273826117177777,0.004757002081682738,3.62
214,35,9,4,Late,4-7,7.758439213018146,8.419905068160306,127.60292936578159,142.7919362807738,2.195029666473233,2.266338371183092,0.0022197366519456675,0.0020453546380412705,8.7
215,35,10,5,Late,4-7,13.426846278101728,14.493013254422682,190.89526577814135,205.2741382281654,3.899680420916147,3.6526766736501384,0.001760903822204242,0.0016313643350904362,12.82
216,36,2,5,Late,4-7,0.4631552419368347,0.49257745084211524,9.096914375680363,11.075446486127898,0.22187909494846114,0.05832431084060951,0.013637249469604519,0.012822681116745147,0.84
217,36,2,6,Late,4-7,1.8253463899898965,1.9896432518320375,27.528574470678663,33.80976866107615,0.6452681186347964,0.6104614455350679,0.005186224720654878,0.004757966817823733,2.76
218,36,2,7,Late,4-7,0.3906526305745945,0.4365991065937091,9.53746989765621,11.688168930783714,0.1675534088376892,0.10818679359454911,0.010097111623351274,0.009034519671012823,0.92
219,36,3,2,Late,4-7,11.498229049447211,12.478801785700782,152.06178410970884,221.35757343715153,4.529643564924649,3.6326869910545345,0.0015547119003818356,0.0014325440730195717,12.66
220,36,3,4,Late,4-7,1.7176602697370118,1.819501847117398,14.735005248330802,23.99990059210008,0.5837168331841163,0.4919359750865298,0.02120631523446851,0.020019350463135337,1.3
221,36,6,4,Late,4-7,2.022409357730966,2.1922004160595843,42.767402705624605,55.322531535002426,0.5324421388878023,0.4021234378837851,0.003860595266377121,0.0035615831180102957,3.3600000000000003
222,36,6,8,Late,4-7,3.257405080408181,3.5045131729163397,60.212157805639244,77.39139050225698,1.3041181107187816,0.9812770062177094,0.0032980549340451155,0.003065504498784285,4.6
223,36,9,4,Late,4-7,2.647991376962868,2.860618894596458,42.75728339163547,53.85840274499836,0.7693096484644578,0.4864989851981906,0.0041122116246858405,0.0038065542190829555,3.7199999999999998
224,36,10,5,Late,4-7,3.0313341636046496,3.2759831479387045,44.112074255048796,59.227545271645745,1.1417366292849047,0.6492969613633609,0.0051989829682262175,0.0048107252009214905,3.54
225,38,2,5,Native,0-3,2.2395710635431305,2.3759254453643233,25.957391941524914,30.095868107038072,0.40932507468948953,0.3535179412780915,0.01358914118831116,0.01280926025819681,1.86
226,38,2,6,Native,0-3,1.2021215554554996,1.2663373556058692,11.024487214647653,13.690259226282178,0.38441886840300854,0.30339076302444196,0.020557424603991382,0.01951496031583603,1.1
227,38,2,7,Native,0-3,2.877669149731533,3.040844521401511,27.795330010783918,32.74685386225727,0.42393569959728905,0.29360935817315353,0.014193635742165379,0.013431988189560928,2.06
228,38,3,2,Native,0-3,1.5757434876649565,1.5617267689069156,13.567246516171325,16.08794341512565,0.3722432268505715,0.3562802930707185,0.022818918306646927,0.02302372132765863,1.16
229,38,6,4,Native,0-3,1.5241387210616377,1.6632036700748756,14.93409487275759,14.973050957620773,0.439026992755093,0.36600120911695144,0.02800006178577231,0.025658901027973694,1.08
230,38,6,8,Native,0-3,2.7561600455649056,3.000971427502528,57.494554742605075,69.4962843537763,1.2650486578891578,1.1838514599008347,0.005613069406521263,0.0051551699191323234,3.26
231,38,9,4,Native,0-3,3.843891719349796,4.176011870153641,38.75126411155037,43.13114533107755,1.0417071405993668,0.7669262889764638,0.013914473777667734,0.012807849258129401,2.44
232,38,10,5,Native,0-3,5.926928464053196,6.270927802305305,67.35282676494461,68.0719932342851,1.298451675557791,1.452784827701575,0.008120438985684897,0.007674982471839319,3.92
